Marca temporal,Un paisaje forestal - Artbreeder [Nitidez],Un paisaje forestal - Artbreeder [Consistencia temática],Un paisaje forestal - Artbreeder [Calidad de imagen],Un paisaje forestal - Artbreeder [Originalidad],Un paisaje forestal - Artbreeder [Congruencia con el prompt],Un paisaje forestal - Artbreeder [Repetetibilidad],Un paisaje forestal - Runway [Nitidez],Un paisaje forestal - Runway [Consistencia temática],Un paisaje forestal - Runway [Calidad de imagen],Un paisaje forestal - Runway [Originalidad],Un paisaje forestal - Runway [Congruencia con el prompt],Un paisaje forestal - Runway [Repetetibilidad],Un paisaje forestal - DALL E 1 [Nitidez],Un paisaje forestal - DALL E 1 [Consistencia temática],Un paisaje forestal - DALL E 1 [Calidad de imagen],Un paisaje forestal - DALL E 1 [Originalidad],Un paisaje forestal - DALL E 1 [Congruencia con el prompt],Un paisaje forestal - DALL E 1 [Repetetibilidad],Un paisaje forestal - DEEP AI [Nitidez],Un paisaje forestal - DEEP AI [Consistencia temática],Un paisaje forestal - DEEP AI [Calidad de imagen],Un paisaje forestal - DEEP AI [Originalidad],Un paisaje forestal - DEEP AI [Congruencia con el prompt],Un paisaje forestal - DEEP AI [Repetetibilidad],Un paisaje forestal - Stable Difusion [Nitidez],Un paisaje forestal - Stable Difusion [Consistencia temática],Un paisaje forestal - Stable Difusion [Calidad de imagen],Un paisaje forestal - Stable Difusion [Originalidad],Un paisaje forestal - Stable Difusion [Congruencia con el prompt],Un paisaje forestal - Stable Difusion [Repetetibilidad],Un paisaje forestal - Chat GPT [Nitidez],Un paisaje forestal - Chat GPT [Consistencia temática],Un paisaje forestal - Chat GPT [Calidad de imagen],Un paisaje forestal - Chat GPT [Originalidad],Un paisaje forestal - Chat GPT [Congruencia con el prompt],Un paisaje forestal - Chat GPT [Repetetibilidad],Un paisaje forestal en el estilo de Claude Monet - Artbreeder [Nitidez],Un paisaje forestal en el estilo de Claude Monet - Artbreeder [Consistencia temática],Un paisaje forestal en el estilo de Claude Monet - Artbreeder [Calidad de imagen],Un paisaje forestal en el estilo de Claude Monet - Artbreeder [Originalidad],Un paisaje forestal en el estilo de Claude Monet - Artbreeder [Congruencia con el prompt],Un paisaje forestal en el estilo de Claude Monet - Artbreeder [Repetetibilidad],Un paisaje forestal en el estilo de Claude Monet - Runway [Nitidez],Un paisaje forestal en el estilo de Claude Monet - Runway [Consistencia temática],Un paisaje forestal en el estilo de Claude Monet - Runway [Calidad de imagen],Un paisaje forestal en el estilo de Claude Monet - Runway [Originalidad],Un paisaje forestal en el estilo de Claude Monet - Runway [Congruencia con el prompt],Un paisaje forestal en el estilo de Claude Monet - Runway [Repetetibilidad],Un paisaje forestal en el estilo de Claude Monet - DALL E 1 [Nitidez],Un paisaje forestal en el estilo de Claude Monet - DALL E 1 [Consistencia temática],Un paisaje forestal en el estilo de Claude Monet - DALL E 1 [Calidad de imagen],Un paisaje forestal en el estilo de Claude Monet - DALL E 1 [Originalidad],Un paisaje forestal en el estilo de Claude Monet - DALL E 1 [Congruencia con el prompt],Un paisaje forestal en el estilo de Claude Monet - DALL E 1 [Repetetibilidad],Un paisaje forestal en el estilo de Claude Monet - DEEP AI [Nitidez],Un paisaje forestal en el estilo de Claude Monet - DEEP AI [Consistencia temática],Un paisaje forestal en el estilo de Claude Monet - DEEP AI [Calidad de imagen],Un paisaje forestal en el estilo de Claude Monet - DEEP AI [Originalidad],Un paisaje forestal en el estilo de Claude Monet - DEEP AI [Congruencia con el prompt],Un paisaje forestal en el estilo de Claude Monet - DEEP AI [Repetetibilidad],Un paisaje forestal en el estilo de Claude Monet - Stable Difusion [Nitidez],Un paisaje forestal en el estilo de Claude Monet - Stable Difusion [Consistencia temática],Un paisaje forestal en el estilo de Claude Monet - Stable Difusion [Calidad de imagen],Un paisaje forestal en el estilo de Claude Monet - Stable Difusion [Originalidad],Un paisaje forestal en el estilo de Claude Monet - Stable Difusion [Congruencia con el prompt],Un paisaje forestal en el estilo de Claude Monet - Stable Difusion [Repetetibilidad],Un paisaje forestal en el estilo de Claude Monet - Chat GPT [Nitidez],Un paisaje forestal en el estilo de Claude Monet - Chat GPT [Consistencia temática],Un paisaje forestal en el estilo de Claude Monet - Chat GPT [Calidad de imagen],Un paisaje forestal en el estilo de Claude Monet - Chat GPT [Originalidad],Un paisaje forestal en el estilo de Claude Monet - Chat GPT [Congruencia con el prompt],Un paisaje forestal en el estilo de Claude Monet - Chat GPT [Repetetibilidad],"Un paisaje forestal vibrante y sereno, en el estilo de Claude Monet, con abundantes árboles, hojas brillantes y suaves reflejos en el agua  - Artbreeder [Nitidez]","Un paisaje forestal vibrante y sereno, en el estilo de Claude Monet, con abundantes árboles, hojas brillantes y suaves reflejos en el agua  - Artbreeder [Consistencia temática]","Un paisaje forestal vibrante y sereno, en el estilo de Claude Monet, con abundantes árboles, hojas brillantes y suaves reflejos en el agua  - Artbreeder [Calidad de imagen]","Un paisaje forestal vibrante y sereno, en el estilo de Claude Monet, con abundantes árboles, hojas brillantes y suaves reflejos en el agua  - Artbreeder [Originalidad]","Un paisaje forestal vibrante y sereno, en el estilo de Claude Monet, con abundantes árboles, hojas brillantes y suaves reflejos en el agua  - Artbreeder [Congruencia con el prompt]","Un paisaje forestal vibrante y sereno, en el estilo de Claude Monet, con abundantes árboles, hojas brillantes y suaves reflejos en el agua  - Artbreeder [Repetetibilidad]","Un paisaje forestal vibrante y sereno, en el estilo de Claude Monet, con abundantes árboles, hojas brillantes y suaves reflejos en el agua  - Runway [Nitidez]","Un paisaje forestal vibrante y sereno, en el estilo de Claude Monet, con abundantes árboles, hojas brillantes y suaves reflejos en el agua  - Runway [Consistencia temática]","Un paisaje forestal vibrante y sereno, en el estilo de Claude Monet, con abundantes árboles, hojas brillantes y suaves reflejos en el agua  - Runway [Calidad de imagen]","Un paisaje forestal vibrante y sereno, en el estilo de Claude Monet, con abundantes árboles, hojas brillantes y suaves reflejos en el agua  - Runway [Originalidad]","Un paisaje forestal vibrante y sereno, en el estilo de Claude Monet, con abundantes árboles, hojas brillantes y suaves reflejos en el agua  - Runway [Congruencia con el prompt]","Un paisaje forestal vibrante y sereno, en el estilo de Claude Monet, con abundantes árboles, hojas brillantes y suaves reflejos en el agua  - Runway [Repetetibilidad]","Un paisaje forestal vibrante y sereno, en el estilo de Claude Monet, con abundantes árboles, hojas brillantes y suaves reflejos en el agua  - DALL E 1 [Nitidez]","Un paisaje forestal vibrante y sereno, en el estilo de Claude Monet, con abundantes árboles, hojas brillantes y suaves reflejos en el agua  - DALL E 1 [Consistencia temática]","Un paisaje forestal vibrante y sereno, en el estilo de Claude Monet, con abundantes árboles, hojas brillantes y suaves reflejos en el agua  - DALL E 1 [Calidad de imagen]","Un paisaje forestal vibrante y sereno, en el estilo de Claude Monet, con abundantes árboles, hojas brillantes y suaves reflejos en el agua  - DALL E 1 [Originalidad]","Un paisaje forestal vibrante y sereno, en el estilo de Claude Monet, con abundantes árboles, hojas brillantes y suaves reflejos en el agua  - DALL E 1 [Congruencia con el prompt]","Un paisaje forestal vibrante y sereno, en el estilo de Claude Monet, con abundantes árboles, hojas brillantes y suaves reflejos en el agua  - DALL E 1 [Repetetibilidad]","Un paisaje forestal vibrante y sereno, en el estilo de Claude Monet, con abundantes árboles, hojas brillantes y suaves reflejos en el agua  - DEEP AI [Nitidez]","Un paisaje forestal vibrante y sereno, en el estilo de Claude Monet, con abundantes árboles, hojas brillantes y suaves reflejos en el agua  - DEEP AI [Consistencia temática]","Un paisaje forestal vibrante y sereno, en el estilo de Claude Monet, con abundantes árboles, hojas brillantes y suaves reflejos en el agua  - DEEP AI [Calidad de imagen]","Un paisaje forestal vibrante y sereno, en el estilo de Claude Monet, con abundantes árboles, hojas brillantes y suaves reflejos en el agua  - DEEP AI [Originalidad]","Un paisaje forestal vibrante y sereno, en el estilo de Claude Monet, con abundantes árboles, hojas brillantes y suaves reflejos en el agua  - DEEP AI [Congruencia con el prompt]","Un paisaje forestal vibrante y sereno, en el estilo de Claude Monet, con abundantes árboles, hojas brillantes y suaves reflejos en el agua  - DEEP AI [Repetetibilidad]","Un paisaje forestal vibrante y sereno, en el estilo de Claude Monet, con abundantes árboles, hojas brillantes y suaves reflejos en el agua  - Stable Diffusion [Nitidez]","Un paisaje forestal vibrante y sereno, en el estilo de Claude Monet, con abundantes árboles, hojas brillantes y suaves reflejos en el agua  - Stable Diffusion [Consistencia temática]","Un paisaje forestal vibrante y sereno, en el estilo de Claude Monet, con abundantes árboles, hojas brillantes y suaves reflejos en el agua  - Stable Diffusion [Calidad de imagen]","Un paisaje forestal vibrante y sereno, en el estilo de Claude Monet, con abundantes árboles, hojas brillantes y suaves reflejos en el agua  - Stable Diffusion [Originalidad]","Un paisaje forestal vibrante y sereno, en el estilo de Claude Monet, con abundantes árboles, hojas brillantes y suaves reflejos en el agua  - Stable Diffusion [Congruencia con el prompt]","Un paisaje forestal vibrante y sereno, en el estilo de Claude Monet, con abundantes árboles, hojas brillantes y suaves reflejos en el agua  - Stable Diffusion [Repetetibilidad]","Un paisaje forestal vibrante y sereno, en el estilo de Claude Monet, con abundantes árboles, hojas brillantes y suaves reflejos en el agua  - Chat GPT [Nitidez]","Un paisaje forestal vibrante y sereno, en el estilo de Claude Monet, con abundantes árboles, hojas brillantes y suaves reflejos en el agua  - Chat GPT [Consistencia temática]","Un paisaje forestal vibrante y sereno, en el estilo de Claude Monet, con abundantes árboles, hojas brillantes y suaves reflejos en el agua  - Chat GPT [Calidad de imagen]","Un paisaje forestal vibrante y sereno, en el estilo de Claude Monet, con abundantes árboles, hojas brillantes y suaves reflejos en el agua  - Chat GPT [Originalidad]","Un paisaje forestal vibrante y sereno, en el estilo de Claude Monet, con abundantes árboles, hojas brillantes y suaves reflejos en el agua  - Chat GPT [Congruencia con el prompt]","Un paisaje forestal vibrante y sereno, en el estilo de Claude Monet, con abundantes árboles, hojas brillantes y suaves reflejos en el agua  - Chat GPT [Repetetibilidad]","Un paisaje forestal vibrante y sereno, en el estilo de Claude Monet, con abundantes árboles, hojas brillantes y suaves reflejos en el agua, que emane nostalgia y añorancia al espectador.   - Artbreeder [Nitidez]","Un paisaje forestal vibrante y sereno, en el estilo de Claude Monet, con abundantes árboles, hojas brillantes y suaves reflejos en el agua, que emane nostalgia y añorancia al espectador.   - Artbreeder [Consistencia temática]","Un paisaje forestal vibrante y sereno, en el estilo de Claude Monet, con abundantes árboles, hojas brillantes y suaves reflejos en el agua, que emane nostalgia y añorancia al espectador.   - Artbreeder [Calidad de imagen]","Un paisaje forestal vibrante y sereno, en el estilo de Claude Monet, con abundantes árboles, hojas brillantes y suaves reflejos en el agua, que emane nostalgia y añorancia al espectador.   - Artbreeder [Originalidad]","Un paisaje forestal vibrante y sereno, en el estilo de Claude Monet, con abundantes árboles, hojas brillantes y suaves reflejos en el agua, que emane nostalgia y añorancia al espectador.   - Artbreeder [Congruencia con el prompt]","Un paisaje forestal vibrante y sereno, en el estilo de Claude Monet, con abundantes árboles, hojas brillantes y suaves reflejos en el agua, que emane nostalgia y añorancia al espectador.   - Artbreeder [Repetetibilidad]","Un paisaje forestal vibrante y sereno, en el estilo de Claude Monet, con abundantes árboles, hojas brillantes y suaves reflejos en el agua, que emane nostalgia y añorancia al espectador. - Runway [Nitidez]","Un paisaje forestal vibrante y sereno, en el estilo de Claude Monet, con abundantes árboles, hojas brillantes y suaves reflejos en el agua, que emane nostalgia y añorancia al espectador. - Runway [Consistencia temática]","Un paisaje forestal vibrante y sereno, en el estilo de Claude Monet, con abundantes árboles, hojas brillantes y suaves reflejos en el agua, que emane nostalgia y añorancia al espectador. - Runway [Calidad de imagen]","Un paisaje forestal vibrante y sereno, en el estilo de Claude Monet, con abundantes árboles, hojas brillantes y suaves reflejos en el agua, que emane nostalgia y añorancia al espectador. - Runway [Originalidad]","Un paisaje forestal vibrante y sereno, en el estilo de Claude Monet, con abundantes árboles, hojas brillantes y suaves reflejos en el agua, que emane nostalgia y añorancia al espectador. - Runway [Congruencia con el prompt]","Un paisaje forestal vibrante y sereno, en el estilo de Claude Monet, con abundantes árboles, hojas brillantes y suaves reflejos en el agua, que emane nostalgia y añorancia al espectador. - Runway [Repetetibilidad]","Un paisaje forestal vibrante y sereno, en el estilo de Claude Monet, con abundantes árboles, hojas brillantes y suaves reflejos en el agua, que emane nostalgia y añorancia al espectador. - DALL E 1  [Nitidez]","Un paisaje forestal vibrante y sereno, en el estilo de Claude Monet, con abundantes árboles, hojas brillantes y suaves reflejos en el agua, que emane nostalgia y añorancia al espectador. - DALL E 1  [Consistencia temática]","Un paisaje forestal vibrante y sereno, en el estilo de Claude Monet, con abundantes árboles, hojas brillantes y suaves reflejos en el agua, que emane nostalgia y añorancia al espectador. - DALL E 1  [Calidad de imagen]","Un paisaje forestal vibrante y sereno, en el estilo de Claude Monet, con abundantes árboles, hojas brillantes y suaves reflejos en el agua, que emane nostalgia y añorancia al espectador. - DALL E 1  [Originalidad]","Un paisaje forestal vibrante y sereno, en el estilo de Claude Monet, con abundantes árboles, hojas brillantes y suaves reflejos en el agua, que emane nostalgia y añorancia al espectador. - DALL E 1  [Congruencia con el prompt]","Un paisaje forestal vibrante y sereno, en el estilo de Claude Monet, con abundantes árboles, hojas brillantes y suaves reflejos en el agua, que emane nostalgia y añorancia al espectador. - DALL E 1  [Repetetibilidad]","Un paisaje forestal vibrante y sereno, en el estilo de Claude Monet, con abundantes árboles, hojas brillantes y suaves reflejos en el agua, que emane nostalgia y añorancia al espectador. - DEEP AI [Nitidez]","Un paisaje forestal vibrante y sereno, en el estilo de Claude Monet, con abundantes árboles, hojas brillantes y suaves reflejos en el agua, que emane nostalgia y añorancia al espectador. - DEEP AI [Consistencia temática]","Un paisaje forestal vibrante y sereno, en el estilo de Claude Monet, con abundantes árboles, hojas brillantes y suaves reflejos en el agua, que emane nostalgia y añorancia al espectador. - DEEP AI [Calidad de imagen]","Un paisaje forestal vibrante y sereno, en el estilo de Claude Monet, con abundantes árboles, hojas brillantes y suaves reflejos en el agua, que emane nostalgia y añorancia al espectador. - DEEP AI [Originalidad]","Un paisaje forestal vibrante y sereno, en el estilo de Claude Monet, con abundantes árboles, hojas brillantes y suaves reflejos en el agua, que emane nostalgia y añorancia al espectador. - DEEP AI [Congruencia con el prompt]","Un paisaje forestal vibrante y sereno, en el estilo de Claude Monet, con abundantes árboles, hojas brillantes y suaves reflejos en el agua, que emane nostalgia y añorancia al espectador. - DEEP AI [Repetetibilidad]","Un paisaje forestal vibrante y sereno, en el estilo de Claude Monet, con abundantes árboles, hojas brillantes y suaves reflejos en el agua, que emane nostalgia y añorancia al espectador. - Stable Diffusion [Nitidez]","Un paisaje forestal vibrante y sereno, en el estilo de Claude Monet, con abundantes árboles, hojas brillantes y suaves reflejos en el agua, que emane nostalgia y añorancia al espectador. - Stable Diffusion [Consistencia temática]","Un paisaje forestal vibrante y sereno, en el estilo de Claude Monet, con abundantes árboles, hojas brillantes y suaves reflejos en el agua, que emane nostalgia y añorancia al espectador. - Stable Diffusion [Calidad de imagen]","Un paisaje forestal vibrante y sereno, en el estilo de Claude Monet, con abundantes árboles, hojas brillantes y suaves reflejos en el agua, que emane nostalgia y añorancia al espectador. - Stable Diffusion [Originalidad]","Un paisaje forestal vibrante y sereno, en el estilo de Claude Monet, con abundantes árboles, hojas brillantes y suaves reflejos en el agua, que emane nostalgia y añorancia al espectador. - Stable Diffusion [Congruencia con el prompt]","Un paisaje forestal vibrante y sereno, en el estilo de Claude Monet, con abundantes árboles, hojas brillantes y suaves reflejos en el agua, que emane nostalgia y añorancia al espectador. - Stable Diffusion [Repetetibilidad]","Un paisaje forestal vibrante y sereno, en el estilo de Claude Monet, con abundantes árboles, hojas brillantes y suaves reflejos en el agua, que emane nostalgia y añorancia al espectador. - Chat GPT [Nitidez]","Un paisaje forestal vibrante y sereno, en el estilo de Claude Monet, con abundantes árboles, hojas brillantes y suaves reflejos en el agua, que emane nostalgia y añorancia al espectador. - Chat GPT [Consistencia temática]","Un paisaje forestal vibrante y sereno, en el estilo de Claude Monet, con abundantes árboles, hojas brillantes y suaves reflejos en el agua, que emane nostalgia y añorancia al espectador. - Chat GPT [Calidad de imagen]","Un paisaje forestal vibrante y sereno, en el estilo de Claude Monet, con abundantes árboles, hojas brillantes y suaves reflejos en el agua, que emane nostalgia y añorancia al espectador. - Chat GPT [Originalidad]","Un paisaje forestal vibrante y sereno, en el estilo de Claude Monet, con abundantes árboles, hojas brillantes y suaves reflejos en el agua, que emane nostalgia y añorancia al espectador. - Chat GPT [Congruencia con el prompt]","Un paisaje forestal vibrante y sereno, en el estilo de Claude Monet, con abundantes árboles, hojas brillantes y suaves reflejos en el agua, que emane nostalgia y añorancia al espectador. - Chat GPT [Repetetibilidad]","Un paisaje forestal vibrante y sereno, en el estilo de Claude Monet, con flores de cerezo floreciendo, que emane nostalgia y añorancia al espectador.  - Artbreeder [Nitidez]","Un paisaje forestal vibrante y sereno, en el estilo de Claude Monet, con flores de cerezo floreciendo, que emane nostalgia y añorancia al espectador.  - Artbreeder [Consistencia temática]","Un paisaje forestal vibrante y sereno, en el estilo de Claude Monet, con flores de cerezo floreciendo, que emane nostalgia y añorancia al espectador.  - Artbreeder [Calidad de imagen]","Un paisaje forestal vibrante y sereno, en el estilo de Claude Monet, con flores de cerezo floreciendo, que emane nostalgia y añorancia al espectador.  - Artbreeder [Originalidad]","Un paisaje forestal vibrante y sereno, en el estilo de Claude Monet, con flores de cerezo floreciendo, que emane nostalgia y añorancia al espectador.  - Artbreeder [Congruencia con el prompt]","Un paisaje forestal vibrante y sereno, en el estilo de Claude Monet, con flores de cerezo floreciendo, que emane nostalgia y añorancia al espectador.  - Artbreeder [Repetetibilidad]","Un paisaje forestal vibrante y sereno, en el estilo de Claude Monet, con flores de cerezo floreciendo, que emane nostalgia y añorancia al espectador.  - Runway [Nitidez]","Un paisaje forestal vibrante y sereno, en el estilo de Claude Monet, con flores de cerezo floreciendo, que emane nostalgia y añorancia al espectador.  - Runway [Consistencia temática]","Un paisaje forestal vibrante y sereno, en el estilo de Claude Monet, con flores de cerezo floreciendo, que emane nostalgia y añorancia al espectador.  - Runway [Calidad de imagen]","Un paisaje forestal vibrante y sereno, en el estilo de Claude Monet, con flores de cerezo floreciendo, que emane nostalgia y añorancia al espectador.  - Runway [Originalidad]","Un paisaje forestal vibrante y sereno, en el estilo de Claude Monet, con flores de cerezo floreciendo, que emane nostalgia y añorancia al espectador.  - Runway [Congruencia con el prompt]","Un paisaje forestal vibrante y sereno, en el estilo de Claude Monet, con flores de cerezo floreciendo, que emane nostalgia y añorancia al espectador.  - Runway [Repetetibilidad]","Un paisaje forestal vibrante y sereno, en el estilo de Claude Monet, con flores de cerezo floreciendo, que emane nostalgia y añorancia al espectador.  - DALL E 1 [Nitidez]","Un paisaje forestal vibrante y sereno, en el estilo de Claude Monet, con flores de cerezo floreciendo, que emane nostalgia y añorancia al espectador.  - DALL E 1 [Consistencia temática]","Un paisaje forestal vibrante y sereno, en el estilo de Claude Monet, con flores de cerezo floreciendo, que emane nostalgia y añorancia al espectador.  - DALL E 1 [Calidad de imagen]","Un paisaje forestal vibrante y sereno, en el estilo de Claude Monet, con flores de cerezo floreciendo, que emane nostalgia y añorancia al espectador.  - DALL E 1 [Originalidad]","Un paisaje forestal vibrante y sereno, en el estilo de Claude Monet, con flores de cerezo floreciendo, que emane nostalgia y añorancia al espectador.  - DALL E 1 [Congruencia con el prompt]","Un paisaje forestal vibrante y sereno, en el estilo de Claude Monet, con flores de cerezo floreciendo, que emane nostalgia y añorancia al espectador.  - DALL E 1 [Repetetibilidad]","Un paisaje forestal vibrante y sereno, en el estilo de Claude Monet, con flores de cerezo floreciendo, que emane nostalgia y añorancia al espectador.  - DEEP AI [Nitidez]","Un paisaje forestal vibrante y sereno, en el estilo de Claude Monet, con flores de cerezo floreciendo, que emane nostalgia y añorancia al espectador.  - DEEP AI [Consistencia temática]","Un paisaje forestal vibrante y sereno, en el estilo de Claude Monet, con flores de cerezo floreciendo, que emane nostalgia y añorancia al espectador.  - DEEP AI [Calidad de imagen]","Un paisaje forestal vibrante y sereno, en el estilo de Claude Monet, con flores de cerezo floreciendo, que emane nostalgia y añorancia al espectador.  - DEEP AI [Originalidad]","Un paisaje forestal vibrante y sereno, en el estilo de Claude Monet, con flores de cerezo floreciendo, que emane nostalgia y añorancia al espectador.  - DEEP AI [Congruencia con el prompt]","Un paisaje forestal vibrante y sereno, en el estilo de Claude Monet, con flores de cerezo floreciendo, que emane nostalgia y añorancia al espectador.  - DEEP AI [Repetetibilidad]","Un paisaje forestal vibrante y sereno, en el estilo de Claude Monet, con flores de cerezo floreciendo, que emane nostalgia y añorancia al espectador.  - Stable Diffusion [Nitidez]","Un paisaje forestal vibrante y sereno, en el estilo de Claude Monet, con flores de cerezo floreciendo, que emane nostalgia y añorancia al espectador.  - Stable Diffusion [Consistencia temática]","Un paisaje forestal vibrante y sereno, en el estilo de Claude Monet, con flores de cerezo floreciendo, que emane nostalgia y añorancia al espectador.  - Stable Diffusion [Calidad de imagen]","Un paisaje forestal vibrante y sereno, en el estilo de Claude Monet, con flores de cerezo floreciendo, que emane nostalgia y añorancia al espectador.  - Stable Diffusion [Originalidad]","Un paisaje forestal vibrante y sereno, en el estilo de Claude Monet, con flores de cerezo floreciendo, que emane nostalgia y añorancia al espectador.  - Stable Diffusion [Congruencia con el prompt]","Un paisaje forestal vibrante y sereno, en el estilo de Claude Monet, con flores de cerezo floreciendo, que emane nostalgia y añorancia al espectador.  - Stable Diffusion [Repetetibilidad]","Un paisaje forestal vibrante y sereno, en el estilo de Claude Monet, con flores de cerezo floreciendo, que emane nostalgia y añorancia al espectador.  - Chat GPT [Nitidez]","Un paisaje forestal vibrante y sereno, en el estilo de Claude Monet, con flores de cerezo floreciendo, que emane nostalgia y añorancia al espectador.  - Chat GPT [Consistencia temática]","Un paisaje forestal vibrante y sereno, en el estilo de Claude Monet, con flores de cerezo floreciendo, que emane nostalgia y añorancia al espectador.  - Chat GPT [Calidad de imagen]","Un paisaje forestal vibrante y sereno, en el estilo de Claude Monet, con flores de cerezo floreciendo, que emane nostalgia y añorancia al espectador.  - Chat GPT [Originalidad]","Un paisaje forestal vibrante y sereno, en el estilo de Claude Monet, con flores de cerezo floreciendo, que emane nostalgia y añorancia al espectador.  - Chat GPT [Congruencia con el prompt]","Un paisaje forestal vibrante y sereno, en el estilo de Claude Monet, con flores de cerezo floreciendo, que emane nostalgia y añorancia al espectador.  - Chat GPT [Repetetibilidad]"
4/01/2025 17:16:45,4,4,5,4,5,4,4,5,4,5,5,5,5,4,5,5,5,5,4,5,5,4,4,5,4,5,5,5,5,5,4,5,5,5,5,5,3,3,3,3,3,3,4,5,4,5,4,5,5,4,5,5,4,5,4,4,4,4,4,4,5,4,4,5,5,5,5,5,5,5,5,5,4,5,4,5,4,5,5,5,5,5,5,5,5,5,5,5,5,5,4,4,4,5,5,5,5,5,5,5,5,5,5,5,5,5,5,5,4,4,4,4,4,4,5,5,4,5,5,5,5,5,5,5,5,5,5,5,5,5,5,5,5,5,5,5,5,5,5,5,5,5,5,5,4,4,4,4,4,4,5,5,5,5,5,5,5,5,5,5,5,5,5,5,5,5,5,5,5,5,5,5,5,5,4,4,4,4,4,4
4/01/2025 21:54:45,2,3,2,3,3,2,2,3,2,2,3,2,3,3,3,3,3,3,2,3,2,2,3,2,2,3,2,3,3,2,3,3,3,3,3,2,2,2,2,2,2,2,2,3,2,3,3,3,2,3,3,2,3,2,2,3,2,2,3,2,2,3,2,2,2,2,3,3,3,2,3,2,2,3,2,3,3,2,2,3,2,2,3,2,3,2,3,2,2,2,2,3,2,3,3,2,2,2,2,2,3,2,3,3,3,2,3,2,2,2,2,3,2,2,2,2,2,2,3,2,2,3,2,3,3,2,3,3,2,2,3,2,2,3,2,2,3,2,3,3,3,2,3,2,2,2,2,2,3,2,2,3,2,2,2,2,3,2,2,2,2,2,2,3,2,3,2,2,2,2,2,2,2,2,3,3,3,2,2,2
4/01/2025 22:22:03,4,5,4,3,4,4,5,5,5,5,4,5,5,5,5,4,4,5,4,4,4,4,4,4,5,4,5,4,4,4,5,5,5,5,5,5,3,4,3,4,3,4,4,4,4,4,4,4,4,3,4,3,4,3,4,4,4,4,4,4,4,5,5,4,5,5,4,4,4,4,4,4,3,3,3,3,3,3,4,4,4,4,4,4,3,3,3,3,3,3,5,5,5,5,5,5,4,4,4,4,4,4,4,4,4,4,4,4,3,3,3,3,3,3,3,3,3,3,3,3,4,5,4,5,4,5,5,5,5,4,4,5,4,5,4,5,4,5,4,5,4,5,4,5,4,4,4,4,4,4,5,5,5,5,5,5,5,5,5,5,5,5,5,5,5,5,5,5,5,5,5,5,5,5,4,4,4,4,4,4
4/01/2025 22:43:38,4,5,5,4,5,5,5,4,5,5,5,5,5,5,5,5,5,5,2,1,1,2,2,2,2,2,2,1,2,2,5,5,5,4,5,5,5,5,4,5,5,5,4,5,5,5,5,5,5,4,5,5,5,5,5,5,5,5,5,5,4,4,5,5,5,5,5,5,5,5,5,5,4,5,5,5,5,5,5,4,5,5,4,5,5,5,4,5,4,5,5,5,5,4,5,5,4,5,5,5,5,5,5,4,5,5,5,5,4,5,5,5,5,4,4,5,5,4,5,5,5,5,4,5,5,5,5,4,5,5,5,5,5,4,4,5,5,4,5,4,5,4,5,4,4,5,4,5,5,5,4,4,5,5,5,5,5,4,5,5,5,5,5,5,5,5,4,4,4,5,5,5,4,5,5,5,4,5,5,5
4/01/2025 23:10:20,4,4,3,2,4,2,4,3,3,3,4,2,5,5,5,5,5,5,4,4,3,5,4,3,4,4,5,3,5,3,5,5,4,4,5,3,5,4,3,4,4,3,5,4,3,4,3,3,5,4,4,3,4,3,5,5,5,5,5,5,5,4,4,3,4,3,5,4,5,4,3,4,5,4,5,3,4,3,5,4,5,5,3,3,5,3,5,4,4,3,5,5,5,5,4,3,5,4,3,3,3,3,5,5,5,3,5,3,4,4,3,3,4,2,5,4,4,3,4,1,5,4,5,4,3,3,5,4,4,3,3,1,5,3,5,3,4,2,5,4,3,4,3,3,2,4,2,4,5,2,5,4,4,3,3,2,5,4,5,3,4,4,5,5,5,5,5,5,4,4,4,3,3,3,5,4,5,4,5,3
5/01/2025 11:35:54,5,4,5,4,5,5,5,5,5,5,5,5,5,4,5,4,5,5,5,4,4,5,5,5,5,4,5,4,5,5,4,4,5,5,5,5,4,4,5,5,4,4,5,4,5,4,5,5,4,5,5,4,5,5,5,4,5,4,5,5,5,4,4,5,5,5,4,4,5,5,5,5,4,5,5,5,5,5,5,5,5,5,5,5,4,5,5,5,5,5,4,5,5,5,5,5,5,4,5,4,5,5,4,5,4,5,5,5,4,5,5,5,5,5,4,4,5,5,5,5,5,5,4,4,5,5,5,4,4,5,5,5,4,4,5,4,5,5,4,5,5,5,5,4,4,5,5,5,4,5,5,5,5,5,5,5,5,4,5,4,5,4,4,5,5,5,5,5,5,4,5,4,5,4,5,4,5,4,5,5
5/01/2025 11:44:15,5,5,5,5,5,5,5,5,4,5,5,5,5,5,5,4,5,5,5,5,5,5,5,5,5,5,5,5,5,5,5,5,5,4,5,5,5,5,5,5,5,5,4,5,5,5,5,5,5,5,5,5,5,5,5,5,5,5,5,5,4,5,5,5,5,5,5,5,5,5,5,5,4,5,5,5,5,5,5,5,5,5,5,5,5,5,5,5,5,5,5,5,5,5,5,5,4,5,5,5,5,5,5,5,5,5,5,5,4,5,5,4,5,5,4,5,5,4,5,5,5,5,5,5,5,5,5,5,5,5,5,5,4,5,5,5,5,5,5,5,5,5,5,5,4,5,5,5,5,5,4,5,5,5,5,5,5,5,5,5,5,5,5,5,5,5,5,5,4,5,5,5,5,5,5,5,5,5,5,5
5/01/2025 15:20:53,5,4,5,5,5,5,5,5,5,5,5,5,5,5,5,5,5,5,5,4,5,5,5,5,5,5,5,5,5,5,2,2,2,2,1,2,2,2,2,2,2,2,5,5,5,5,5,5,5,5,5,5,5,5,5,5,5,5,5,5,2,4,2,4,4,4,5,5,5,5,5,5,5,5,4,5,5,5,4,5,4,5,5,5,5,5,5,5,5,5,3,5,5,5,5,5,2,4,3,4,4,4,5,5,5,5,5,5,4,5,4,5,5,5,4,5,4,5,5,4,5,5,5,5,5,5,5,5,5,5,5,5,5,5,5,5,5,5,5,5,5,4,5,5,2,4,2,5,5,5,5,5,5,5,5,5,5,5,5,5,5,5,5,5,5,5,5,5,4,5,5,5,5,5,5,5,5,5,5,5
5/01/2025 17:28:06,5,5,5,5,5,5,5,5,5,5,5,5,5,5,5,5,5,5,5,5,5,5,5,5,5,5,5,5,5,5,5,5,5,5,5,5,4,4,4,4,4,4,3,3,3,3,3,3,5,5,5,5,5,5,5,5,5,5,5,5,3,3,3,3,3,3,5,5,5,5,5,5,4,4,4,4,4,4,5,5,5,5,5,5,5,5,5,5,5,5,5,5,5,5,5,5,3,3,3,3,4,3,5,5,5,5,5,5,4,4,4,4,4,4,4,4,4,4,4,4,5,5,5,5,5,5,5,5,5,5,5,5,4,5,4,5,5,5,5,5,5,5,5,5,3,3,3,3,3,3,4,4,4,4,4,4,5,5,5,5,5,5,5,5,5,5,5,5,4,4,4,4,4,4,5,5,5,5,5,5
PROMEDIO,"4,222222222","4,333333333","4,333333333","3,888888889","4,555555556","4,111111111","4,444444444","4,444444444","4,222222222","4,444444444","4,555555556","4,333333333","4,777777778","4,555555556","4,777777778","4,444444444","4,666666667","4,777777778",4,"3,888888889","3,777777778","4,111111111","4,111111111",4,"4,111111111","4,111111111","4,333333333","3,888888889","4,333333333",4,"4,222222222","4,333333333","4,333333333","4,111111111","4,333333333","4,111111111","3,666666667","3,666666667","3,444444444","3,777777778","3,555555556","3,555555556",4,"4,222222222",4,"4,222222222","4,111111111","4,222222222","4,444444444","4,222222222","4,555555556","4,111111111","4,444444444","4,222222222","4,444444444","4,444444444","4,444444444","4,333333333","4,555555556","4,444444444","3,777777778",4,"3,777777778",4,"4,222222222","4,111111111","4,555555556","4,444444444","4,666666667","4,444444444","4,444444444","4,444444444","3,888888889","4,333333333","4,111111111","4,222222222","4,222222222","4,111111111","4,444444444","4,444444444","4,444444444","4,555555556","4,333333333","4,333333333","4,444444444","4,222222222","4,444444444","4,333333333","4,222222222","4,222222222","4,222222222","4,666666667","4,555555556","4,666666667","4,666666667","4,444444444","3,777777778",4,"3,888888889","3,888888889","4,222222222",4,"4,555555556","4,555555556","4,555555556","4,333333333","4,666666667","4,333333333","3,666666667","4,111111111","3,888888889",4,"4,111111111","3,777777778","3,888888889","4,111111111",4,"3,888888889","4,333333333","3,777777778","4,555555556","4,666666667","4,333333333","4,555555556","4,444444444","4,444444444","4,777777778","4,444444444","4,444444444","4,333333333","4,444444444","4,222222222","4,222222222","4,333333333","4,333333333","4,333333333","4,555555556","4,222222222","4,555555556","4,555555556","4,444444444","4,333333333","4,444444444","4,222222222","3,222222222",4,"3,444444444","4,111111111","4,222222222","3,888888889","4,333333333","4,444444444","4,444444444","4,333333333","4,333333333","4,222222222","4,777777778","4,333333333","4,666666667","4,333333333","4,555555556","4,444444444","4,555555556","4,777777778","4,666666667","4,777777778","4,555555556","4,555555556","4,111111111","4,333333333","4,444444444","4,222222222","4,222222222","4,222222222","4,555555556","4,333333333","4,444444444","4,222222222","4,444444444","4,222222222"